GeneName,baseMean,log2FoldChange,lfcSE,stat,pvalue,padj
YNL143C,210.9552968,-11.65716373,2.315429254,11.92171945,0.000554832,0.01946567
YGL088W,1083.79589,-10.69595792,1.43554785,160.5858221,8.43E-37,4.58E-33
YCR024C-B,17.71676587,-10.58664828,2.562051727,10.277709,0.00134647,0.035207834
YNL303W,7.168175398,-9.717632079,2.634239381,8.610783845,0.003341785,0.067306016
YKR105C,7.298352203,-9.259008239,2.597815679,11.386245,0.000739899,0.023392868
YJL213W,114.662787,-7.799643036,1.48112056,76.90283089,1.80E-18,4.88E-15
YOR178C,26.9285361,-7.616228696,1.572377918,39.62431639,3.08E-10,1.39E-07
YDL231C,134.5988145,-5.367610353,1.36365698,40.33294482,2.14E-10,1.06E-07
YJL108C,28.94478703,-5.016352692,1.533105435,15.41642242,8.62E-05,0.005517049
YKL187C,24.29229835,-4.952885373,1.444370491,20.95827283,4.69E-06,0.00049088
YBR018C,10.61298983,-4.950089338,1.702376081,9.84563379,0.001702353,0.041143988
YLR411W,85.16180845,-4.797447436,1.512301054,14.73776822,0.000123546,0.006789498
YGL194C-A,5.787838322,-4.681967853,1.752897673,8.129164273,0.004355882,0.078921598
YBR083W,29.95643014,-4.574607254,1.419593151,19.02287296,1.29E-05,0.001114884
YPL165C,29.44299912,-4.546770643,1.607771496,9.68238639,0.001860428,0.044179081
YHL043W,39.51817786,-4.515617838,1.547573803,11.2828151,0.000782278,0.02458977
YOR032C,32.91999478,-4.393935623,1.536426455,10.87716009,0.000973574,0.028773349
YLR046C,129.5954704,-4.311983803,1.356851816,22.69365836,1.90E-06,0.000229597
YGR213C,110.0279095,-4.310891015,1.498473685,11.63295311,0.000647936,0.021354401
YOL029C,32.82818527,-4.252072573,1.525490634,10.33400342,0.001306016,0.034644469
YMR068W,27.4144566,-4.072541554,1.431545666,13.48018214,0.000241096,0.010488658
YML081C-A,17.3722802,-4.011926751,1.578800442,7.909667086,0.004917132,0.085157206
YDR444W,43.7237249,-4.009979039,1.399562276,14.79849665,0.000119631,0.006706726
YGR121C,34.70268714,-3.936505362,1.178511564,17.06191225,3.62E-05,0.002658793
YOR180C,22.5203717,-3.669967017,1.181993564,14.38383236,0.000149077,0.007794996
YPL052W,29.80282215,-3.597072228,0.894019444,18.73251539,1.50E-05,0.001277896
YML054C,33.56420414,-3.514766764,1.139979287,15.00560302,0.000107192,0.006268116
YCR073C,50.51900016,-3.381701778,0.72969702,27.69077369,1.42E-07,2.76E-05
YNR060W,222.443751,-3.368289462,0.890473547,25.0572853,5.57E-07,7.96E-05
YPL088W,162.4351302,-3.284055767,0.815535553,24.71259794,6.65E-07,9.05E-05
YML002W,77.44968238,-3.269350713,1.087745092,15.91800971,6.61E-05,0.004496295
YDL197C,46.82672415,-3.23376428,1.003433023,13.71805095,0.000212403,0.009848471
YBR008C,75.22176783,-3.180871492,0.917888911,18.69576955,1.53E-05,0.001282718
YPL119C,14.35290975,-3.159392875,1.076289716,10.32101462,0.00131524,0.034719772
YNR004W,24.30873079,-3.158202816,1.159641965,10.9838931,0.000919072,0.028078153
YER081W,377.1188853,-2.886176406,0.458751616,41.55359208,1.15E-10,6.24E-08
YOR208W,66.72783909,-2.694152868,0.938385248,11.39826985,0.000735125,0.023377847
YNL230C,33.10321576,-2.621562974,1.00315631,8.669231692,0.003236276,0.065423306
YBR203W,22.98641255,-2.541420366,0.772466617,11.77317608,0.000600904,0.02029636
YJR083C,40.80178684,-2.510627245,0.670308069,15.14017618,9.98E-05,0.006031124
YDR453C,27.34784745,-2.506075525,0.993798105,8.279591577,0.004009315,0.076097583
YDR332W,40.08756052,-2.503855295,0.994269239,8.136132075,0.004339175,0.078921598
YJL206C,39.03398635,-2.497363036,0.826128855,10.09534678,0.001486442,0.037079224
YOR368W,38.22254206,-2.466935354,0.749111302,11.50445378,0.000694296,0.022340729
YLR266C,76.17923905,-2.392332914,0.657764584,14.73688524,0.000123604,0.006789498
YOR273C,191.0973301,-2.3824698,0.400944197,35.36137492,2.74E-09,8.76E-07
YOL014W,43.13105715,-2.362061955,0.796809754,10.79805756,0.001016067,0.028777968
YGL211W,77.21685223,-2.32568112,0.668804969,14.16570076,0.000167394,0.008507385
YKL163W,44.12268654,-2.269713735,0.948249357,7.704964696,0.005506915,0.093001875
YFR020W,36.54486689,-2.218398618,0.86347424,8.204866146,0.004177819,0.077539182
YMR316W,102.3166552,-2.218260826,0.693854763,12.33839109,0.000443737,0.016757246
YAL062W,39.90203506,-2.158351439,0.750826244,9.282285772,0.002313805,0.052867531
YOR162C,73.60839022,-2.131271245,0.542321462,16.72976179,4.31E-05,0.003043836
YCR037C,205.5858322,-2.127976964,0.426699592,26.19629347,3.08E-07,4.93E-05
YCL004W,41.49482008,-2.123226593,0.685856246,10.84031915,0.000993136,0.028777968
YKL161C,113.7094046,-2.018895131,0.65315368,11.16014975,0.000835732,0.025969768
YNL032W,53.12645814,-2.017164241,0.694633791,9.704081161,0.001838592,0.04404522
YNL159C,47.98747057,-1.980858821,0.611855567,10.91450005,0.000954145,0.028509003
YPL214C,72.44755243,-1.907953123,0.649554468,9.92847409,0.001627414,0.039685547
YKL051W,109.5667816,-1.822531033,0.416165624,19.47869507,1.02E-05,0.000921995
YKL075C,50.6018396,-1.789623232,0.681724918,7.638108022,0.005714783,0.095272908
YCL040W,601.6223255,-1.782101253,0.505696922,12.23545241,0.0004689,0.0173461
YIL117C,119.6735052,-1.735220538,0.545105383,10.36787188,0.001282273,0.034349749
YLR116W,72.0505924,-1.732474117,0.583698117,9.158429527,0.002475749,0.055632751
YDR222W,56.65543849,-1.723432374,0.587381579,9.055408572,0.002619189,0.057922797
YER130C,103.7583689,-1.701336018,0.459689506,13.94074166,0.000188665,0.009160338
YPL095C,73.00082452,-1.671945854,0.576643224,8.740107267,0.003112862,0.064146738
YBR165W,54.39619961,-1.663168961,0.607143537,7.721222319,0.005457543,0.092814144
YKL201C,116.3578342,-1.651132737,0.506216533,11.8266931,0.000583876,0.020095681
YJL141C,97.16582155,-1.644183326,0.455029605,13.30455958,0.000264761,0.011248226
YLR084C,84.8243681,-1.643788047,0.463551487,13.12474367,0.000291421,0.012097318
YPL175W,73.7801147,-1.610487508,0.573535524,8.520735045,0.003511226,0.069658729
YHR006W,115.1023683,-1.589054861,0.466063556,11.82844541,0.000583327,0.020095681
YBR214W,112.9885846,-1.587854812,0.478103239,11.01393146,0.000904296,0.027782847
YNL101W,74.73986128,-1.500773345,0.534328447,8.205465204,0.00417644,0.077539182
YOR220W,70.96905672,-1.49603284,0.498777213,9.221443588,0.002391969,0.054198024
YBL005W,77.4785537,-1.495786767,0.506923235,9.054656496,0.002620266,0.057922797
YDL020C,192.0464901,-1.472283052,0.376421171,15.68265564,7.49E-05,0.005029005
YKL062W,80.40952326,-1.470496047,0.514235114,8.303742036,0.003956348,0.076097583
YHR137W,460.6437653,-1.437015768,0.437800883,10.81362153,0.00100756,0.028777968
YKL120W,95.03195536,-1.432826022,0.454066411,10.50060897,0.001193352,0.032610295
YHR198C,77.59707896,-1.383737789,0.492239629,8.247004719,0.00408193,0.076280193
YHR030C,319.0246567,-1.37559092,0.362971044,14.62497821,0.000131164,0.007132725
YGL196W,95.39237256,-1.359720166,0.484758794,8.172180456,0.004253774,0.0778856
YHR142W,156.0426206,-1.343661354,0.411091723,10.88576881,0.000969059,0.028773349
YPR127W,84.44667797,-1.319616022,0.458732132,8.505742588,0.003540274,0.06975366
YDR171W,90.67800511,-1.312588107,0.467415563,7.828987567,0.005141489,0.088760056
YIL056W,112.3681755,-1.307622515,0.426721635,9.594615787,0.001951488,0.045545877
YOR303W,218.6487499,-1.298311304,0.356468662,13.45172979,0.00024478,0.010564411
YKR091W,110.1111855,-1.294308438,0.464349718,8.085562745,0.004461927,0.079815661
YER078C,89.57502742,-1.279464249,0.451259089,8.126311745,0.004362741,0.078921598
YLR274W,150.4031592,-1.200985083,0.421924912,8.308578894,0.003945825,0.076097583
YDR074W,391.2267606,-1.169895797,0.312102654,14.01589626,0.000181272,0.008961412
YHL021C,226.1609224,-1.12143039,0.387671252,8.284262493,0.003999014,0.076097583
YNL131W,196.7200372,-1.101813769,0.396597312,7.692355185,0.005545521,0.093075757
YOR175C,215.5504188,-1.029146885,0.348249677,8.719037555,0.003149042,0.064377791
YLR257W,392.3068627,-1.017530237,0.326593157,9.727315053,0.001815495,0.043684345
YER064C,353.9483274,-0.973768816,0.345516814,7.95145896,0.004804863,0.083478732
YER165W,2828.670886,0.749622392,0.258766032,8.368799728,0.003817177,0.074668366
YBR069C,426.3741079,0.765385498,0.278530942,7.533198249,0.006057228,0.099530418
YOR168W,908.0680994,0.800839912,0.260050955,9.471554142,0.002086825,0.048290019
YPL091W,386.0835134,0.807598295,0.292619668,7.589238261,0.005871775,0.097349741
YNL085W,487.7570589,0.839000166,0.281796898,8.863640386,0.002909068,0.061444032
YKR001C,550.7083907,0.844359901,0.296089494,8.117945284,0.004382921,0.078921598
YGR175C,1066.931816,0.847686979,0.299716211,7.963511633,0.004772972,0.083457952
YEL026W,766.8594725,0.861120723,0.303891428,7.980607981,0.004728106,0.083208546
YBR084W,706.40464,0.86392461,0.273713504,9.939261326,0.001617905,0.039685547
YGL234W,1049.574788,0.86515884,0.311101044,7.714227078,0.005478731,0.092814144
YDR238C,656.9231453,0.867136486,0.297018857,8.51482588,0.003522646,0.069658729
YDR341C,1073.519351,0.868702835,0.269937862,10.33467458,0.001305541,0.034644469
YJR075W,232.8895828,0.873299814,0.312856781,7.76344033,0.005331431,0.091458434
YCR017C,357.8235155,0.874399504,0.291854369,8.946971562,0.0027793,0.059975522
YGL026C,850.5102193,0.877218167,0.303868194,8.308855839,0.003945224,0.076097583
YEL042W,450.9703044,0.881936358,0.30525506,8.313874541,0.003934337,0.076097583
YJL034W,2390.112879,0.882597132,0.265080977,11.04179543,0.000890805,0.027523865
YHR205W,285.05134,0.885258299,0.296945646,8.838253383,0.002949813,0.061696477
YMR203W,645.9165566,0.891741042,0.260794688,11.64546486,0.000643592,0.021354401
YDR127W,830.0193171,0.894649192,0.310264767,8.291453017,0.00398321,0.076097583
YGL200C,366.6004892,0.895371414,0.292125461,9.351018868,0.002228615,0.051135909
YER001W,507.528128,0.895884597,0.311355362,8.270168194,0.004030177,0.076097583
YLR197W,1536.943767,0.898388308,0.321096977,7.800939286,0.005221908,0.089863092
YDR395W,633.2068946,0.900952458,0.275956387,10.65437444,0.001098109,0.030623157
YGL148W,811.8929834,0.908901241,0.304905808,8.851092057,0.002929136,0.061500543
YPR033C,631.348638,0.909877541,0.279368967,10.57869064,0.001143987,0.031685472
YBR121C,1528.467772,0.91412514,0.253010461,13.01371913,0.000309217,0.012643031
YOR151C,537.1508569,0.917804915,0.269378611,11.5759858,0.00066809,0.021885987
YKL184W,218.8535847,0.920913523,0.330501419,7.742764347,0.005392818,0.092220585
YOR335C,1387.639614,0.936567674,0.290239081,10.38173088,0.001272683,0.034330611
YOR086C,260.3419509,0.943131007,0.302342226,9.693666716,0.001849042,0.044101273
YBR036C,347.1351335,0.952797966,0.297424623,10.18756317,0.00141391,0.036497243
YGL084C,191.6663992,0.953776089,0.335496946,8.048689519,0.004553658,0.080660565
YGL137W,691.9931104,0.964817558,0.260789347,13.65391018,0.000219783,0.010043536
YJL172W,347.8195267,0.96563523,0.30270629,10.14117224,0.001449939,0.036673348
YPR145W,1583.173375,0.97181972,0.282657384,11.78374615,0.000597501,0.02029636
YIL030C,302.3061109,0.976311948,0.305167966,10.22902527,0.001382477,0.035970862
YPR074C,3156.956982,0.984933652,0.29947284,10.77059319,0.001031255,0.029056799
YOR310C,1494.28778,0.989700519,0.309821221,10.15171381,0.001441672,0.036634625
YJL109C,656.5439044,0.991820477,0.345169666,8.252823531,0.004068866,0.076280193
YKL157W,432.6030806,0.993588508,0.293851505,11.43402128,0.000721114,0.02306718
YGL028C,269.2597939,0.995935636,0.350070965,8.063971757,0.004515409,0.08024443
YAL021C,207.9075001,0.997691121,0.348509868,8.178066455,0.004239993,0.0778856
YOR027W,1081.239528,1.008732308,0.28352761,12.60482805,0.000384752,0.014838861
YJR045C,3021.625811,1.009184106,0.305655624,10.85141987,0.0009872,0.028777968
YGL167C,395.393372,1.011806169,0.274675572,13.52359661,0.000235582,0.010369339
YEL063C,232.4770007,1.016054365,0.357845416,7.988646277,0.00470716,0.083108879
YJR077C,718.9227326,1.021014387,0.294206183,11.97874007,0.00053811,0.01912575
YMR305C,636.3107017,1.026917369,0.293962865,12.11040263,0.000501413,0.018177895
YOR085W,277.4287549,1.028499039,0.330239956,9.642876503,0.001900873,0.044943255
YER166W,191.5779095,1.031099301,0.343629892,8.956831474,0.002764339,0.059890344
YGL008C,13117.09423,1.032012132,0.36455499,7.971288821,0.004752509,0.083368205
YBR127C,1493.132565,1.03405971,0.270369123,14.55579073,0.00013607,0.007326214
YGR155W,1977.989123,1.034999868,0.300169581,11.82986953,0.000582881,0.020095681
YNL087W,202.0388743,1.046719786,0.32445569,10.37801796,0.001275245,0.034330611
YMR011W,766.7415492,1.048339032,0.37815488,7.67511972,0.005598738,0.093679805
YMR309C,1123.434605,1.049692088,0.339945078,9.499266549,0.00205554,0.047769355
YHR165C,237.4089177,1.051623087,0.322806205,10.57244918,0.001147855,0.031685472
YMR308C,684.2434665,1.056403814,0.278333624,14.35011903,0.00015177,0.007812998
YAL023C,811.5117001,1.063778216,0.268885399,15.57366425,7.94E-05,0.005137109
YHR064C,2106.800278,1.065877604,0.303835904,12.23650425,0.000468635,0.0173461
YER036C,1486.619535,1.069417643,0.3135475,11.56337917,0.000672635,0.021902928
YGL139W,142.1679512,1.070074273,0.374708082,8.106185656,0.004411446,0.079173075
YDR226W,987.0442126,1.071650363,0.249016838,18.42507468,1.77E-05,0.001434311
YPL106C,3314.004855,1.073118379,0.272934013,15.37712302,8.80E-05,0.005550158
YIL078W,1899.99014,1.07390873,0.273343209,15.36117108,8.88E-05,0.005550158
YJR131W,117.1640141,1.078470992,0.3893172,7.633629894,0.005728989,0.095272908
YHR174W,62755.79986,1.079643581,0.374245047,8.274310246,0.004020994,0.076097583
YBR088C,296.2120601,1.080633948,0.365954673,8.67963592,0.003217853,0.065293592
YHR027C,632.7854765,1.081471377,0.326801924,10.92059932,0.000951008,0.028509003
YMR079W,474.6430816,1.08161801,0.278707397,15.00042823,0.000107487,0.006268116
YBL076C,2059.896482,1.084071452,0.311672599,12.04181589,0.000520203,0.018610936
YLL034C,172.5657905,1.085921156,0.381078791,8.122597216,0.004371688,0.078921598
YER126C,221.0930498,1.086339867,0.361896603,8.938474494,0.002792258,0.060016997
YMR012W,994.7979247,1.088917472,0.293172933,13.7462959,0.000209233,0.009848471
YLR153C,1338.520254,1.090105378,0.282048374,14.86208453,0.000115665,0.00655192
YDL148C,230.5292426,1.091901474,0.382039385,8.173822666,0.004249925,0.0778856
YDR497C,368.7401744,1.104694142,0.297723458,13.70658833,0.000213703,0.009848471
YBR196C,5848.137308,1.105809901,0.314582513,12.28393904,0.000456873,0.017134315
YDL128W,147.2335626,1.105852375,0.35966374,9.430303694,0.002134289,0.049179093
YNL216W,207.6049982,1.107969667,0.335395236,10.8380936,0.000994331,0.028777968
YPL085W,299.9121953,1.108924091,0.35184368,9.898228007,0.00165438,0.040163028
YDR502C,714.8214656,1.109312347,0.255907306,18.66608591,1.56E-05,0.001283103
YLR044C,62546.85127,1.114480583,0.309472308,12.88906277,0.000330508,0.013118992
YIL108W,154.1812351,1.133038154,0.353634251,10.17526732,0.001423371,0.036497243
YOR326W,344.1167463,1.136824113,0.38087315,8.885856097,0.002873883,0.061285027
YCR069W,141.9204701,1.137647801,0.37289949,9.267913788,0.002332032,0.053061041
YPL217C,330.5635801,1.14318436,0.415451042,7.54983682,0.006001551,0.099198887
YDR170C,411.9267009,1.149498969,0.348925266,10.82016654,0.001004005,0.028777968
YBL017C,337.9655641,1.150619577,0.336617858,11.64023196,0.000645406,0.021354401
YLR384C,397.3004931,1.162224481,0.37468741,9.608878005,0.001936389,0.045388294
YDR234W,182.9217376,1.163026674,0.363742198,10.17500755,0.001423571,0.036497243
YHR042W,658.9229017,1.173669647,0.325013317,12.97395523,0.000315854,0.012818018
YGL191W,180.6156075,1.175327776,0.414262401,7.952784618,0.004801344,0.083478732
YDR301W,103.9689902,1.18244056,0.403889568,8.536226387,0.003481467,0.069603735
YDR028C,213.6184891,1.183220419,0.336389695,12.36365821,0.000437772,0.016757246
YER043C,3016.216916,1.183848919,0.304975729,14.96538008,0.000109502,0.006268116
YGR094W,1821.784567,1.184018294,0.317040371,13.86193842,0.000196743,0.009468033
YHL007C,169.5306286,1.184564751,0.358971685,10.8034972,0.001013085,0.028777968
YCR011C,286.9792382,1.186723347,0.325590261,13.24590024,0.000273177,0.011427191
YCR012W,22279.88506,1.187723031,0.340531448,12.08024589,0.000509589,0.018351945
YLR180W,1095.381873,1.188168896,0.327286136,13.10128263,0.000295094,0.012156965
YOL090W,202.0652638,1.190238329,0.325322816,13.32162204,0.000262363,0.0112341
YGR118W,2033.22176,1.193527383,0.40037328,8.81739846,0.002983718,0.062166499
YKL010C,182.2342317,1.194611822,0.369447161,10.44134363,0.001232256,0.03350504
YGR218W,582.1965045,1.196857624,0.254100425,22.08942074,2.60E-06,0.00029483
YKL210W,1021.52296,1.202238841,0.325676358,13.56604721,0.000230314,0.010350801
YEL031W,948.9834826,1.205130531,0.298163827,16.23466069,5.60E-05,0.003852089
YER131W,1128.774809,1.207086591,0.418193562,8.260723167,0.004051199,0.076229822
YDL126C,1781.640343,1.207495734,0.316900198,14.419169,0.000146305,0.007724359
YKL004W,246.4659619,1.208917434,0.321756533,13.98150271,0.000184618,0.009044619
YKL182W,4004.870709,1.212878132,0.379853774,10.12394349,0.001463555,0.036846359
YPR154W,88.83029728,1.21381222,0.412140924,8.725838878,0.003137317,0.064377791
YIL094C,206.7149228,1.217269448,0.409488514,9.014390577,0.002678622,0.058973059
YDR019C,158.5965738,1.220765162,0.419563233,8.596302054,0.003368463,0.067592994
YOR317W,508.9120048,1.220794027,0.309278916,15.59413671,7.85E-05,0.005137109
YPL226W,1303.591589,1.225658054,0.321566147,14.45682768,0.000143409,0.007645671
YJR143C,624.3556073,1.231140283,0.290225268,17.89606821,2.33E-05,0.001762083
YIL125W,328.8285261,1.234679939,0.32856213,14.05663677,0.000177387,0.00893175
YJL080C,1350.71199,1.23649529,0.289275001,18.16268179,2.03E-05,0.001598412
YNL112W,898.1566222,1.243994812,0.345364751,12.91458508,0.000326032,0.013036472
YOR341W,1103.649863,1.245509313,0.349725336,12.61978945,0.000381684,0.01482571
YDR232W,363.672884,1.246192721,0.336184125,13.61467365,0.000224424,0.01017017
YGL203C,159.6067762,1.247261937,0.334510167,13.82550184,0.000200595,0.009568734
YCR065W,93.82212082,1.250429931,0.440305543,8.06803049,0.004505306,0.08024443
YHR155W,86.52618094,1.251749505,0.452786968,7.53290504,0.006058214,0.099530418
YNL066W,323.4041814,1.251846969,0.350000419,12.70297292,0.000365075,0.01438606
YDL192W,623.7452957,1.26098427,0.283176152,19.76082346,8.78E-06,0.000822318
YMR307W,3462.937926,1.268047321,0.277565107,20.70712924,5.35E-06,0.00053893
YJL039C,361.9275208,1.273958276,0.296851375,18.34858432,1.84E-05,0.001471104
YPL231W,3434.925697,1.297738343,0.433769471,8.878767816,0.002885062,0.061285027
YLR413W,1230.269819,1.297804796,0.34130261,14.34362443,0.000152295,0.007812998
YML017W,110.0649965,1.312427674,0.408992502,10.27742582,0.001346677,0.035207834
YJL171C,388.503471,1.321349716,0.401917792,10.6925863,0.001075657,0.03015167
YMR229C,915.7256812,1.323141664,0.377474726,12.20626724,0.000476292,0.017500527
YDL066W,649.1410876,1.328318138,0.312030817,18.02902408,2.18E-05,0.001666345
YCL064C,560.1581377,1.331294411,0.427568329,10.54268642,0.001166487,0.032037166
YGR157W,512.0091345,1.346733461,0.2991397,20.13892296,7.20E-06,0.000699328
YOL004W,327.0975846,1.354289357,0.284347713,22.60550182,1.99E-06,0.000234403
YDL055C,2981.056302,1.360096495,0.293138636,21.33731748,3.85E-06,0.0004189
YLL024C,12364.42838,1.367030434,0.300028147,20.57113697,5.75E-06,0.000568082
YMR070W,88.41977005,1.373636446,0.474776417,8.193976471,0.00420297,0.077740648
YLR367W,235.9512546,1.39544908,0.440386732,10.02413432,0.001545023,0.038190153
YLR134W,344.9816313,1.398250335,0.378768173,13.54016284,0.000233512,0.010369339
YJR009C,15780.22813,1.434347877,0.3212782,19.73052587,8.92E-06,0.000822318
YLR259C,2139.837176,1.439353971,0.362390797,15.61885544,7.75E-05,0.005137109
YNR016C,2310.726742,1.445189772,0.437062283,10.82977217,0.000998809,0.028777968
YDR382W,2762.371297,1.467205673,0.457649471,10.16727554,0.001429554,0.036497243
YDL160C,285.4402796,1.468634893,0.306470333,22.85921585,1.74E-06,0.000215433
YMR266W,191.1370147,1.480253119,0.361004532,16.69964838,4.38E-05,0.003052887
YMR196W,84.91108056,1.481906437,0.525545621,8.301123703,0.003962056,0.076097583
YOR043W,183.4045788,1.485770972,0.431259905,12.16209199,0.000487706,0.017799649
YBL042C,166.9203619,1.488112304,0.354613771,17.63696025,2.67E-05,0.001991514
YLR286C,809.6803949,1.491530622,0.362535806,16.87023519,4.00E-05,0.002863846
YGL066W,61.8677767,1.49878869,0.491353027,9.115267979,0.002534848,0.056726356
YKL101W,153.9719111,1.499877425,0.363381477,16.95524963,3.83E-05,0.002774928
YJL082W,90.47911981,1.507163013,0.408683983,13.51672356,0.000236447,0.010369339
YAL035W,1211.245187,1.507758234,0.501143433,8.958747432,0.002761442,0.059890344
YDR097C,105.7413822,1.518782312,0.386005792,15.33814557,8.99E-05,0.005554369
YOL125W,95.31155583,1.528122071,0.513602502,8.523354563,0.003506176,0.069658729
YDR213W,67.6394699,1.539083045,0.4817068,10.04270949,0.001529521,0.037979604
YLR249W,17939.61426,1.551806661,0.319684354,23.2866776,1.40E-06,0.000176499
YNL190W,526.7589801,1.564816817,0.308722638,25.41601869,4.62E-07,6.98E-05
YDR309C,71.94564382,1.58388412,0.524559808,8.915524474,0.002827566,0.060536629
YOR204W,1096.161511,1.614564059,0.281243623,32.62357532,1.12E-08,3.04E-06
YKR095W,156.7528199,1.620864275,0.533154885,9.206076568,0.002412131,0.054428085
YPL160W,1890.512764,1.627954064,0.287851811,31.63951011,1.86E-08,4.81E-06
YDL171C,665.9471091,1.629896334,0.450357474,12.94758017,0.000320335,0.01290358
YGL195W,1096.629766,1.63099998,0.370076443,19.21241571,1.17E-05,0.001029336
YGR204W,948.6269339,1.631785358,0.259434422,39.15019523,3.92E-10,1.64E-07
YGR240C,2911.006489,1.638430022,0.297776865,29.90253538,4.54E-08,1.02E-05
YBR162C,908.2504754,1.654477931,0.375028174,19.20578546,1.17E-05,0.001029336
YDR046C,359.7121785,1.662814982,0.321426562,26.41720478,2.75E-07,4.53E-05
YML056C,1675.51842,1.662863655,0.308685773,28.65625428,8.64E-08,1.81E-05
YGL253W,2202.105619,1.666169175,0.247793646,44.70050759,2.30E-11,1.39E-08
YHR192W,81.67910738,1.671951484,0.534725308,9.631309797,0.001912881,0.045031382
YBL101C,85.26689565,1.7098542,0.495905544,11.73506888,0.000613333,0.020588306
YML123C,3313.261282,1.716222681,0.32903341,26.96156801,2.08E-07,3.76E-05
YKL176C,89.19609619,1.733908046,0.485349851,12.66565087,0.000372435,0.014570509
YDR356W,48.08267172,1.768263187,0.631713,7.715729459,0.005474174,0.092814144
YMR121C,450.2636594,1.774426687,0.454112835,14.98586586,0.000108319,0.006268116
YMR205C,2647.329592,1.786164304,0.250174266,50.26891149,1.34E-12,1.46E-09
YPL128C,102.5357903,1.850936496,0.403651427,20.79488447,5.11E-06,0.000524504
YLL021W,168.5695232,1.856809785,0.471776326,15.30030448,9.17E-05,0.005603079
YMR186W,6841.397347,1.865983605,0.269711241,47.08423128,6.80E-12,5.28E-09
YPL240C,1752.197154,1.871413994,0.495436585,14.03027371,0.000179891,0.008961412
YDL185W,2288.252351,1.87775385,0.298549063,38.93158001,4.39E-10,1.70E-07
YOR350C,72.44385249,1.878696206,0.619664235,9.091305436,0.002568275,0.057238848
YDL054C,58.33617746,1.881529543,0.547162583,12.34500679,0.000442168,0.016757246
YJL042W,85.41432978,1.894255507,0.446769918,18.1154779,2.08E-05,0.001615122
YEL034W,3835.061622,1.917757823,0.282580516,45.28902758,1.70E-11,1.16E-08
YCR005C,1439.735486,1.943317366,0.377414289,26.50901578,2.62E-07,4.46E-05
YJR137C,115.916662,1.951428497,0.402633657,23.59887274,1.19E-06,0.000156256
YGR061C,1545.916119,1.999322816,0.270364885,53.84214265,2.17E-13,2.95E-10
YCL037C,425.284366,2.037245759,0.333019947,36.95489921,1.21E-09,4.38E-07
YLL013C,152.72285,2.041214165,0.44139409,21.2127813,4.11E-06,0.000438254
YJR109C,318.7827513,2.053653815,0.401818705,25.88689091,3.62E-07,5.62E-05
YDL112W,231.1574297,2.083714245,0.354078419,34.2327722,4.89E-09,1.48E-06
YER037W,68.04829733,2.130132462,0.666662352,11.77422292,0.000600566,0.02029636
YPR065W,160.3623857,2.155166192,0.369050138,33.63135467,6.66E-09,1.91E-06
YGL206C,1217.747698,2.242529009,0.366272759,36.70393617,1.38E-09,4.67E-07
YIL011W,59.5949764,2.251399577,0.762873919,8.983955445,0.002723604,0.059481769
YMR189W,301.7496862,2.260252939,0.417412924,29.83651448,4.70E-08,1.02E-05
YOL130W,180.9795435,2.262331089,0.43674431,26.7213697,2.35E-07,4.12E-05
YBR022W,28.24063839,2.372523207,0.835756178,8.8598312,0.002915145,0.061444032
YBR208C,50.6800201,2.416091471,0.664383443,14.96988051,0.000109241,0.006268116
YJL079C,131.4820805,2.456544958,0.81692693,9.934614404,0.001621994,0.039685547
YER125W,309.8176314,2.49637929,0.3105664,63.72576518,1.43E-15,2.59E-12
YIL123W,1014.961564,2.583579236,0.462523913,30.29442216,3.71E-08,9.05E-06
YCL005W-A,32.155039,2.681978439,0.78993485,11.5164715,0.000689822,0.022328882
YDR400W,58.40564423,2.803683399,0.641781812,21.47983177,3.58E-06,0.000396829
YPL216W,64.29445412,2.951722086,0.885847213,13.73101763,0.000210942,0.009848471
YER190W,150.3508158,2.972054305,1.419099323,7.692672298,0.005544547,0.093075757
YCR021C,25.10463058,2.977088437,1.191727976,8.4899694,0.003571098,0.070106973
YBR092C,203.5727708,3.001235923,0.64030936,30.23485746,3.83E-08,9.05E-06
YFL021W,46.21000015,3.022196781,1.130095262,10.93629256,0.000942987,0.028488677
YJR096W,48.22034208,3.055319428,0.974270708,13.27749873,0.000268611,0.011323292
YBR072W,20.05776057,3.275975916,1.090305341,10.95315622,0.000934443,0.028388276
YGR008C,74.20887683,3.312123248,0.654316412,28.32720533,1.02E-07,2.06E-05
YMR170C,57.30674986,3.60391282,0.854333523,24.79544566,6.37E-07,8.89E-05
YGL156W,40.80204733,3.860997862,0.91170608,22.57030423,2.03E-06,0.000234403
YFL054C,20.96714668,4.126015945,1.602805258,8.739353939,0.003114148,0.064146738
YLL019C,51.32706148,4.315358673,0.63891471,49.12717019,2.40E-12,2.17E-09
YBR148W,11.48332281,4.333851564,1.669730746,8.686405414,0.003205923,0.065293592
YBR132C,44.0591877,4.364340592,1.149859912,23.56628923,1.21E-06,0.000156256
YCR098C,19.66968775,4.371769579,1.67902519,7.522018235,0.006094936,0.099832107
YBR033W,28.76466127,4.379401218,1.583905641,10.11468086,0.001470929,0.036861346
YDR285W,17.36900583,4.444083104,1.620894266,8.797872348,0.00301582,0.062595541
YNL142W,24.32003352,4.450660148,1.555816941,11.96446299,0.000542248,0.019147705
YOL159C-A,6.627734965,4.940446498,1.743782838,9.004498391,0.002693159,0.059054026
YMR303C,522.9110331,5.214160618,1.115182953,19.72940323,8.92E-06,0.000822318
YGL125W,27.14440796,6.569253199,1.586109807,25.25221201,5.03E-07,7.39E-05
YNL014W,39.01842064,6.849553305,1.599356953,27.06714128,1.97E-07,3.68E-05
YEL050W-A,4.328366813,8.838228583,2.352279195,11.19415686,0.000820553,0.025644644
